id;name;date;description;photo;photo_content_type;type
1;until;2025-03-20;../fake-data/blob/hipster.txt;../fake-data/blob/hipster.png;image/png;LAUNCH
2;instead tiny;2025-03-20;../fake-data/blob/hipster.txt;../fake-data/blob/hipster.png;image/png;LANDING
3;outrun handle;2025-03-20;../fake-data/blob/hipster.txt;../fake-data/blob/hipster.png;image/png;LAUNCH
4;while unless chasuble;2025-03-19;../fake-data/blob/hipster.txt;../fake-data/blob/hipster.png;image/png;LANDING
5;once jaggedly unimpressively;2025-03-19;../fake-data/blob/hipster.txt;../fake-data/blob/hipster.png;image/png;LAUNCH
6;volunteer;2025-03-19;../fake-data/blob/hipster.txt;../fake-data/blob/hipster.png;image/png;LANDING
7;oh failing;2025-03-19;../fake-data/blob/hipster.txt;../fake-data/blob/hipster.png;image/png;LAUNCH
8;incidentally arrogantly;2025-03-20;../fake-data/blob/hipster.txt;../fake-data/blob/hipster.png;image/png;LAUNCH
9;yuck reapply whose;2025-03-20;../fake-data/blob/hipster.txt;../fake-data/blob/hipster.png;image/png;LANDING
10;woot incidentally broadcast;2025-03-20;../fake-data/blob/hipster.txt;../fake-data/blob/hipster.png;image/png;LAUNCH
